{"cameraMode":{"drawMode":0,"name":"Shaded","section":"Shading Mode"},"sceneLighting":false,"audioPlay":false,"sceneViewState":{"showFog":true,"showMaterialUpdate":false,"showSkybox":false,"showFlares":true,"showImageEffects":true,"showParticleSystems":true},"in2DMode":false,"pivot":{"x":-5.5,"y":0.3700000047683716,"z":1.440000057220459},"rotation":{"x":-0.41161906719207766,"y":-0.5838683247566223,"z":0.44509080052375796,"w":-0.5400198101997376},"size":2.8374063968658449,"orthographic":false}